USERNAME	PASSWORD	MANUFACTURER	MODEL	TYPE	SOURCE
admin		NETGEAR	M4300	SWITCH	https://www.downloads.netgear.com/files/GDC/M4300/M4300_IG_EN.pdf
pi	raspberry	Raspberry Pi Foundation	Raspberry Pi OS	OS default	https://tutorials-raspberrypi.com/raspberry-pi-default-login-password/
root	toor	Offensive Security	Kali Linux	OS default	https://tutorials-raspberrypi.com/raspberry-pi-default-login-password/
root	root	Arch Linux	Arch Linux ARM	OS default	https://tutorials-raspberrypi.com/raspberry-pi-default-login-password/
ubuntu	ubuntu	Canonical	Ubuntu Server	OS default	https://tutorials-raspberrypi.com/raspberry-pi-default-login-password/
root	calvin	Dell	iDRAC 9	IPMI Default	https://www.dell.com/support/kbdoc/en-us/000133536/dell-poweredge-what-is-the-default-username-and-password-for-idrac
orangepi	orangepi	Orange Pi	Orange Pi OS	OS default	https://askubuntu.com/questions/874427/lubuntu-orangepi-default-root-username-and-password/876445#876445
ubuntu	ubuntu	Canonical	Ubuntu Server OS	OS default	https://tutorials-raspberrypi.com/raspberry-pi-default-login-password/
1@1.com	test	Microsoft	Windows 11	Fake-Account for Testing to circumvent Microsoft Account requirement.	https://www.reddit.com/r/Windows11/comments/tvdaxl/psa_you_can_set_up_windows_11_without_a_microsoft/
test@test.com	test	Microsoft	Windows 11	Fake-Account for Testing to circumvent Microsoft Account requirement.	https://www.reddit.com/r/Windows11/comments/tvdaxl/psa_you_can_set_up_windows_11_without_a_microsoft/
user	live	DRBL	DRBL	OS Default	https://drbl.sourceforge.net/download/
user	live	BunsenLabs	Berillium	OS Default	https://github.com/BunsenLabs/bunsen-configs-live/blob/41500219407becfc6635b84136a7da595fc58dca/welcome-live-cd.txt#L19
admin	pfsense	Netgate	pfSense	OS Default	https://docs.netgate.com/pfsense/en/latest/usermanager/defaults.html
root	freenas	iXsystems	TrueNAS	OS Default	https://docs.netgate.com/pfsense/en/latest/usermanager/defaults.html
cisco	cisco	Cisco	Switches	OS Default	https://www.cisco.com/c/de_de/support/docs/smb/switches/cisco-small-business-300-series-managed-switches/smb5563-configure-password-settings-on-a-switch-through-the-command.html
Guest	Guest	Iridium	9560 Go!	OS Default	https://youtu.be/_R2nRaFz7lc?t=128
Iridium-******	password	Iridium	Go exec	OS Default	https://youtu.be/gwwiF5yYLac?t=86
admin	pfsense	Netgate	pfsense	OS Default	https://docs.netgate.com/pfsense/en/latest/usermanager/defaults.html
root	opnsense	Decisio	OPNsese	OS Default	https://docs.opnsense.org/manual/install.html
SUPPORT_388946a0		Microsoft	Windows XP	Microsoft Backdoor Account	https://social.technet.microsoft.com/Forums/ie/en-US/b8621da7-1361-4a1a-a42b-2425414bfa71/can-account-support388945a0-be-deleted-from-domain-controller
root	os1337	OS/1337 Project	OS/1337	OS Default	https://github.com/OS-1337/conf.d/blob/main/configs/default.conf.ydl
chip	chip	TheNextThing Company	PocketChip	OS Default	https://www.youtube.com/watch?v=Z1_-kPvDmn4&t=173s
root	olimex	Olimex	Olimage	OS Default	https://github.com/OLIMEX/OLINUXINO/blob/master/DOCUMENTS/OLIMAGE/Olimage-guide.pdf
4GUFI_****	12345678	KuWfi	UF909-U11 Dongle 4G	OS Default	https://www.amazon.de/dp/B0BR747S27
